Career,Skills,Exams,Domain,Description
Data Scientist,"Python, Statistics, Machine Learning, Data Analysis, SQL, Data Visualization","GATE, UGC-NET, IIT JAM",Technology,"Analyzes complex data to extract insights and help organizations make data-driven decisions using statistical methods and machine learning algorithms."
Data Analyst,"Python, SQL, Excel, Data Visualization, Statistics","GATE, UGC-NET",Technology,"Interprets data and turns it into information which can offer ways to improve a business, affecting business decisions."
Machine Learning Engineer,"Python, Machine Learning, Deep Learning, TensorFlow, PyTorch","GATE, IIT JAM",Technology,"Designs and implements machine learning applications and systems to solve complex problems using AI technologies."
Software Developer,"Java, Python, JavaScript, Algorithms, Data Structures","GATE, UGC-NET",Technology,"Designs, develops, and maintains software applications and systems to meet specific needs."
Civil Services,"Communication, General Studies, Public Administration, Decision Making","UPSC, State PSC",Government,"Works in administrative roles under Indian government, responsible for policy implementation and public service delivery."
IAS Officer,"Leadership, Administration, Decision Making, Public Policy","UPSC",Government,"Top-ranking civil servant responsible for administration, policy implementation, and public service delivery at district and state levels."
IFS Officer,"Diplomacy, International Relations, Communication","UPSC",Government,"Represents India in its diplomatic missions abroad and handles foreign relations and diplomacy."
Graphic Designer,"Creativity, Adobe Suite, Typography, UI/UX Design","NID, NIFT, CEED",Design,"Creates visual concepts using computer software or by hand to communicate ideas that inspire, inform, and captivate consumers."
UI/UX Designer,"User Research, Wireframing, Prototyping, Figma, Adobe XD","NID, NIFT, CEED, UCEED",Design,"Designs user interfaces and experiences for digital products, focusing on usability, accessibility, and user satisfaction."
Interior Designer,"Space Planning, 3D Modeling, Material Knowledge","NID, NIFT, CEPT",Design,"Plans, researches, coordinates, and manages projects to create interior environments that are functional, safe, and aesthetically pleasing."
Doctor,"Medical Knowledge, Patient Care, Diagnosis, Communication","NEET, AIIMS, JIPMER",Healthcare,"Diagnoses and treats illnesses, injuries, and other physical and mental impairments in patients."
Surgeon,"Surgical Skills, Hand-Eye Coordination, Decision Making","NEET, NEET PG, AIIMS PG",Healthcare,"Performs surgical procedures to treat injuries, diseases, and deformities through operations."
Clinical Psychologist,"Counseling, Psychological Assessment, Empathy","UGC-NET, RCI, TISS",Healthcare,"Assesses, diagnoses, and treats mental, emotional, and behavioral disorders through psychological methods."
Chartered Accountant,"Accounting, Taxation, Auditing, Financial Analysis","CA Foundation, IPCC, CA Final",Finance,"Manages financial accounting, auditing, and taxation for individuals and organizations, ensuring compliance with financial regulations."
Investment Banker,"Financial Modeling, Valuation, Market Analysis, Communication","CAT, XAT, NISM",Finance,"Helps corporations and governments raise capital by underwriting and issuing securities."
Financial Analyst,"Financial Modeling, Excel, Market Research, Data Analysis","CFA, FRM, NISM",Finance,"Analyzes financial data and trends to provide investment recommendations and business decisions."
Mechanical Engineer,"CAD, Thermodynamics, Machine Design, Manufacturing","GATE, IES",Engineering,"Designs, analyzes, and maintains mechanical systems and components using engineering principles."
Civil Engineer,"Structural Analysis, AutoCAD, Project Management, Construction","GATE, IES, State PSC",Engineering,"Plans, designs, and oversees construction and maintenance of infrastructure projects like buildings, roads, and bridges."
Aerospace Engineer,"Aerodynamics, Propulsion, Flight Mechanics","GATE, ISRO, DRDO",Engineering,"Designs and tests aircraft, spacecraft, satellites, and missiles, and supervises their manufacture."
